0,0,1,2,3,4,5,6,7,8,9,10,11,12,13,14,15,16,17,18,19,20,21,22,23,24,25,26,27,28,29,30,31,32,33,34,35,36,37,38,39,40,41,42,43,44,45,46,47,48,49,50,51,52,53,54,55,56,57,58,59,60,61,62,63,64,65,66,67,68,69,70,71,72,73,74,75,76,77,78,79
CN(C)c1ccc(P(c2ccccc2)c2ccccc2)cc1,424.7851497317771,157.9184511532385,107.34636863218526,89.93117831213529,59.990779783578766,37.792428056814686,35.55026984223953,34.35460605817029,33.578475630509416,31.601806925875483,27.93486532352029,23.51194558855834,14.001815058505557,9.953092049500299,9.794444327273588,9.39427723685679,9.366681121201392,9.270829894732106,6.912264598107091,3.198315969751751,3.1493143879254037,2.5320134275089927,0.001201820790916454,0.0,0.0,0.0,0.0,0.0,0.0,0.0,0.0,0.0,0.0,0.0,0.0,0.0,0.0,0.0,0.0,0.0,0.0,0.0,0.0,0.0,0.0,0.0,0.0,0.0,0.0,0.0,0.0,0.0,0.0,0.0,0.0,0.0,0.0,0.0,0.0,0.0,0.0,-0.020360655004847985,-0.07509245773967398,-0.0801656379540977,-0.1296016955206104,-0.13253794258956111,-0.22272723230339123,-0.25411664487195657,-0.27983981906621425,-0.30816142109430955,-0.460032909639382,-0.46771528377567745,-0.5878108022257086,-0.5967919937290224,-0.6119346511522424,-0.7757700060568007,-0.8372505206533652,-1.0211088761884015,-1.0658911819826884,-1.0779481662993495
CCCCC1([PH+](C2CCCCC2)C2CCCCC2)c2ccccc2-c2ccccc21.F[B-](F)(F)F,663.913665132398,234.58652198084016,115.59978365814406,105.487276451006,87.41296704073356,76.84324210754735,71.5905982337958,60.928420680291275,55.88634419985843,38.33058131282379,34.24214416586086,33.339720965613154,32.60280798184014,31.1411726236959,30.114850656622107,26.272707229591745,24.486648042241757,21.5423023516297,13.950194472769851,13.406118647170283,12.082821169942154,11.985304946807851,11.94779986888957,11.710061675420286,9.048330742506582,8.754589097408541,8.54494846736998,7.374062396442523,7.218550225557235,6.976173771329321,5.418181786333044,2.561969454114744,1.4282799678847584,0.23595034252009178,0.07141975366652784,0.05281054890359693,0.028314675362827578,0.0,0.0,0.0,0.0,0.0,-0.016084888050036286,-0.05408613767414805,-0.07265655037001337,-0.08181140713535354,-0.089066557437216,-0.10150834300250076,-0.10513079340218286,-0.1085737049267954,-0.11583002189380487,-0.11832396349800392,-0.13416983007056704,-0.1507433568780454,-0.1663686923165153,-0.21684894646380487,-0.22472406343169704,-0.26661854463202295,-0.33237216195858027,-0.35408436776716,-0.3667677961690252,-0.3822030484585871,-0.40060895693017295,-0.44689766624057087,-0.46840072245648434,-0.538772030425857,-0.5809840113816678,-0.5943991258948254,-0.6536993026094189,-0.6559211532744986,-0.7026076003699543,-0.7417129145828392,-0.7456282382522699,-0.9469584211330839,-0.9618775599976769,-0.9627819809811693,-0.9820609579770838,-1.1224958152927793,-3.3396373668073207,-23.65619014745402
c1ccc(-n2cccc2P(C2CCCCC2)C2CCCCC2)cc1,439.97441423496866,159.5162075018641,102.50938333170622,87.945321149606,78.60597304446489,39.76949453612122,35.967879900829466,35.91212393603169,33.40346068647444,33.20357036103824,31.210993127594122,25.10433337164201,24.397185184662906,12.960976939816165,12.48001693627544,12.006344279568548,11.935210034121633,9.75040126263444,9.565140009708234,7.368176003623871,6.764641888479316,5.461235361152349,4.892780307696715,2.259165514118714,0.14408974899708665,0.07492491473193622,0.0,0.0,0.0,0.0,0.0,0.0,0.0,0.0,0.0,0.0,0.0,0.0,0.0,0.0,0.0,0.0,0.0,0.0,0.0,0.0,0.0,0.0,0.0,0.0,0.0,0.0,-0.028672700177963088,-0.042991801334263245,-0.06761731187518501,-0.07529596337733409,-0.09212178983896922,-0.10439927340601447,-0.12485946881786134,-0.13378159269568254,-0.15864465599844596,-0.17274103184311063,-0.21517780902303463,-0.24231994358786238,-0.27847047397529423,-0.3694823452483174,-0.37305459291782056,-0.4071593703826529,-0.4549518842004219,-0.4584119610325841,-0.559057392443444,-0.5968812610625907,-0.6249877963950712,-0.6473412142735087,-0.7288817096314514,-0.7411285811336019,-0.8535973674719282,-0.9577972268341067,-0.9664385615227997,-1.1252510556655633
c1ccc(-c2nn(-c3ccccc3)c(-c3ccccc3)c2-n2nccc2P(C2CCCCC2)C2CCCCC2)cc1,510.3997453780581,225.65551085958552,121.90345681972626,108.32393831159332,100.84973093539054,85.5774307972054,81.28893394897248,72.15074962663657,42.34818749949877,40.37047328524126,36.91644671084546,36.113363703009796,35.03224085171283,34.21026272157627,33.54396557448634,32.90895774564941,31.56189112725842,31.197712165519114,30.020330409030848,28.332344077974646,21.953506047293086,20.179746970275932,13.131482961320149,12.301780687157912,12.047009211456377,11.745193574988038,11.01127776760238,10.13920402896274,9.776061581664697,9.709508284407864,9.682948406633662,8.08909658685678,7.297511267498642,6.736813031765787,6.343921951113583,5.282191533437954,4.924402049509411,3.460813897338662,2.8571628508361497,1.827350582981569,1.048387255349838,0.13026648479179706,0.08906497065395817,-0.021716839043643816,-0.05020661850442408,-0.0650928032651469,-0.08082607857204586,-0.09545614402893675,-0.10028229842007137,-0.10432632189946922,-0.12244101304323884,-0.13866799421136514,-0.1496988653424507,-0.16351712573134944,-0.18015800221463393,-0.23080266556701154,-0.25205623439627217,-0.2641282803065415,-0.2832132967618746,-0.3210934468157385,-0.36348015367303355,-0.3676153159437535,-0.43735288578729803,-0.45521422403875317,-0.472820525834229,-0.4944567291403188,-0.5121024087102712,-0.5923938196702168,-0.5978213797696589,-0.600194698505223,-0.6447475671551294,-0.6520947273207718,-0.7131638908572063,-0.7350507774423679,-0.7702797854490977,-0.9547082029150842,-0.9616820988434761,-1.080900620729804,-1.1275244152876147,-1.1415638544606854
c1ccc(-c2ccccc2P(C2CCCCC2)C2CCCCC2)cc1,440.3909418839153,158.1803803330482,101.2681090224763,88.1812712854134,80.27613950590869,41.02499470269751,36.74513009015162,35.42394398986512,34.5304869252816,33.94457958390658,31.19151996174834,31.089688129676272,25.665256170785565,13.144502767673352,12.315614727605547,12.106247712053191,11.81052964221498,11.121553881614611,9.924292903595617,9.252318588945013,7.352218274473278,7.119626722030445,6.7582326436299995,3.597453358666869,1.9117277944467557,0.12952180361492124,0.08424866194085667,0.0,0.0,0.0,0.0,0.0,0.0,0.0,0.0,0.0,0.0,0.0,0.0,0.0,0.0,0.0,0.0,0.0,0.0,0.0,0.0,0.0,0.0,0.0,0.0,-0.027439819153995543,-0.0352774590583448,-0.07014980372455006,-0.08185509777018987,-0.08606370942346368,-0.10458561414157887,-0.11827453414835913,-0.1283266712228995,-0.1596437798344554,-0.16635541248552702,-0.19183290300233968,-0.2288346698688089,-0.27624753777864935,-0.3388166202315708,-0.3740114990640156,-0.37935600832327415,-0.43061140906009643,-0.4548846509182641,-0.4816347401670153,-0.5622965848911449,-0.5957961431194347,-0.6271986400869621,-0.6575827347102466,-0.7237088226810436,-0.7380936499467877,-0.9573698063736946,-0.9623357100315446,-0.988212709860278,-1.1543038955156508
c1ccc(P(C2CCCCC2)C2CCCCC2)c(-n2c3ccccc3c3ccccc32)c1,472.9849631121098,195.05791230252913,108.17138572683032,93.74084561185407,87.50860515739646,74.03116993616217,54.802582446745134,41.203936167392754,35.78205580541795,35.33773366966281,33.82757877996335,31.713191164867883,31.452537803139723,31.221652044814768,30.650641951768367,24.074170715328446,20.583452119688303,12.919452745944266,12.46076501697139,12.088423972937735,11.878494467862586,11.056448478898348,9.469102886828853,9.08677738834305,8.56915737398172,7.30485245438751,6.848387859881602,6.738064857285331,6.277994967664265,3.060294782967596,1.280248981394006,1.0419517733693513,0.1448264536840052,0.07610055515714884,0.0,0.0,0.0,0.0,0.0,0.0,0.0,0.0,0.0,0.0,0.0,0.0,0.0,0.0,-0.025371408868285875,-0.042539232280154424,-0.06453605002962741,-0.07088027143152693,-0.09183213412660052,-0.10275194496999995,-0.12230006951438299,-0.14235374626106156,-0.15369010548352563,-0.1581977798760275,-0.17929256562778859,-0.2082490821176605,-0.25603451210375666,-0.34165924313108137,-0.3611711136287763,-0.36294907595066145,-0.3690458778095498,-0.40509918996591515,-0.43160531705863964,-0.46412984977248484,-0.5447810993053266,-0.5580776563897356,-0.58965768005971,-0.6306890945843299,-0.648108162752019,-0.7318397963989444,-0.7440566861218352,-0.956980644033417,-0.9590820759784909,-0.9818635691187059,-1.09989580472814,-1.200269666582009
CC(=C(c1ccccc1)c1ccccc1)P(C1CCCCC1)C1CCCCC1,448.2850226112099,172.6124153164712,106.29650822006889,87.87156393496551,85.40003023765614,55.585261911965304,37.95063286396308,36.45789532957235,35.096649419005765,34.0647296633175,32.83066637984273,31.990585615303864,31.56701273954704,30.20610357122266,19.420214509234512,13.403174356414901,12.827205882535406,12.163337622712175,12.057594726435335,10.149643597503461,9.917541656272684,9.51930840071902,9.074084525894358,6.803705446246324,6.6994017258950365,5.121417155117624,3.1029430439502406,1.8639405970002287,0.13906562042570392,0.11642970679533333,0.0,0.0,0.0,0.0,0.0,0.0,0.0,0.0,0.0,0.0,0.0,0.0,0.0,0.0,0.0,0.0,0.0,-0.013855555857132197,-0.017828524208731808,-0.04688249844357547,-0.05615100458784727,-0.08325567365028604,-0.09126758752763339,-0.10890405640124982,-0.1097251878095872,-0.11412857999466171,-0.13880612942842777,-0.16376838329758775,-0.16850420298438815,-0.1857949497171582,-0.22564959951300298,-0.27134959274566367,-0.29163489986695285,-0.3464672085809205,-0.35154301068602045,-0.43820348994013697,-0.46060943753868794,-0.4734101588720497,-0.49757780536456936,-0.596054078640478,-0.6002739971500584,-0.637675654670841,-0.649848720767323,-0.7123887495830502,-0.7310766908466168,-0.8430652816860941,-0.9570001028729819,-0.9659308988285207,-1.0717428163488218,-1.1599658297895008
c1ccc(-c2cc3ccccc3n2P(C2CCCCC2)C2CCCCC2)cc1,459.62366569087504,173.45645383356293,101.13309141209345,95.87059120088713,87.04853496928283,57.559984997347364,40.879297835791924,35.92550973185636,34.79108061599672,34.55063084235859,33.44250695402194,32.54755427885263,31.216414867233745,24.130002510368506,21.677710949583666,13.189531904383031,12.810853731137925,12.423185616378325,12.006851300856027,10.967431068984535,9.76266785822089,8.367752988088661,7.164584375806402,6.7801221070994036,6.70722410378639,4.720245843954231,2.187737964988392,1.6883211387187782,0.13454007898742046,0.12403643649739114,0.0,0.0,0.0,0.0,0.0,0.0,0.0,0.0,0.0,0.0,0.0,0.0,0.0,0.0,0.0,0.0,0.0,0.0,0.0,0.0,-0.007401345287234529,-0.0393684373244018,-0.06698222675443732,-0.07976523926651441,-0.09661147762231359,-0.10725687539533149,-0.1293805704681673,-0.14807219098635627,-0.16449487777073354,-0.17174670219961016,-0.21698495133246576,-0.22651270715312183,-0.27339936950495214,-0.3534621323465418,-0.36656225048851104,-0.38988159139183914,-0.42232434126728235,-0.4584160359892288,-0.4647199289199982,-0.5437830164109028,-0.5910738267851713,-0.6308380655072993,-0.6442285200136062,-0.6484507137392364,-0.7198495764044868,-0.7358191455767356,-0.9592384818250724,-0.9656512731636381,-1.104763890608124,-1.1467292170315004
COc1ccccc1C1=C(P(C2CCCCC2)C2CCCCC2)C2c3ccccc3C1c1ccccc12,494.3666019949346,211.05244552484498,116.7284462356295,105.69133670949849,90.89990270768732,78.44226533175092,64.52195371662442,56.885232761925955,44.80813238633793,37.44644603632463,34.837385762264134,34.436721523811855,33.38734399814434,32.814479882816755,31.11695968952217,29.575237487819546,28.993903118300643,26.00049707283439,22.695314642383963,17.704447331726527,12.992612938046861,12.897017890727142,12.36863522456948,12.087719285499608,11.746142151352139,10.250147509465583,9.007747277139075,8.884087386047957,7.909498138570467,7.7913324352736275,7.336575667597675,7.242031609008708,6.736796618060891,4.935497835029356,2.775766744351812,2.0982626304587155,1.5291710056432695,0.1409907326759263,0.07242190434541722,0.0,0.0,0.0,0.0,-0.03113871589113986,-0.03546965668537462,-0.044616551844705726,-0.06028307581406384,-0.06860261919271972,-0.08493084426734364,-0.10607204617294173,-0.10821715980700893,-0.12883564433263697,-0.14481447413741982,-0.15061644274456923,-0.15989571455356436,-0.17291002658616575,-0.20130479528075493,-0.2674903157618958,-0.3475797480496118,-0.35297171610230055,-0.3580689284576613,-0.36909423025453064,-0.37240461968079513,-0.40923566278399354,-0.4439607594940696,-0.4555604429604057,-0.5365113924245556,-0.5533142804381536,-0.5662339950462547,-0.5698736727344051,-0.630899972622087,-0.6503463017243727,-0.7318857518208494,-0.738338754908458,-0.8260631841167843,-0.961528762593936,-0.9648260675335382,-1.0029030054018448,-1.062171461106315,-1.1432557614381231
Cc1ccccc1-c1ccccc1P(C1CCCCC1)C1CCCCC1,445.94789084204695,163.60634724915508,101.03582904333001,87.59427629355989,81.28667319491328,43.73873865429227,40.2296489878132,36.72411757068865,35.16298577269076,33.36099381758007,31.433482886296286,30.828513626155406,26.763792810369072,20.61470069142631,13.240395856984149,12.278598208369223,11.984570471839818,11.876008517801043,10.814045531947842,9.499304400895767,8.441940610380115,7.33987990796583,7.021446798510765,6.765326575249734,3.3688126887231453,1.721611863803652,0.15208184834271218,0.07361221083678694,0.0,0.0,0.0,0.0,0.0,0.0,0.0,0.0,0.0,0.0,0.0,0.0,0.0,0.0,0.0,0.0,0.0,0.0,0.0,0.0,0.0,-0.023500009468545496,-0.033340519671961825,-0.05086804780896721,-0.05493918354634223,-0.07055792105927015,-0.09221726906949217,-0.10090246599524949,-0.10605719149507288,-0.1275745178946301,-0.14666049760549094,-0.15905536175863572,-0.1611621410098431,-0.2118586992157468,-0.25913441618575966,-0.3150637677622638,-0.355812750457875,-0.3692240366840185,-0.38395541240081105,-0.4317374211428511,-0.46421631731653235,-0.5425642673723114,-0.5650496505768855,-0.6364424019834765,-0.6547758689299048,-0.710609132353028,-0.7411990141029139,-0.7999320695122674,-0.9539700172683747,-0.9612139192076553,-0.9866773979266039,-1.1378196149738826
C1CCC([PH+](C2CCCCC2)C2CCCCC2)CC1.F[B-](F)(F)F,782.7163440765024,250.424710729099,114.39928403232994,102.6455185847592,74.74610534918101,66.94609549561487,59.81609129623396,55.230374074184155,34.20146906242477,32.74369861524168,31.06293400259566,27.714554702692755,21.17755662844359,20.53951512961893,13.165305157075304,13.021282190437416,12.204776665599061,11.396578540611483,10.417626170304288,8.069104204698064,6.776616991738268,6.566136741975509,0.14543145947835132,0.1318854658442149,0.08051190278816339,0.0,0.0,0.0,0.0,0.0,0.0,0.0,0.0,0.0,0.0,0.0,0.0,0.0,0.0,0.0,0.0,0.0,0.0,0.0,0.0,0.0,0.0,-0.009244504173098078,-0.023046305275523232,-0.04730337460390046,-0.0599367560246743,-0.08437361508851669,-0.09084966172359497,-0.09637958475320837,-0.10156593954250327,-0.1276860403626553,-0.14762088186569183,-0.1595858701961925,-0.1649533512809803,-0.17115267621572994,-0.2006189898080231,-0.2631348535254614,-0.2818989678432328,-0.3351389758946783,-0.37848345283911905,-0.39238767631078697,-0.43152288017801527,-0.45388880131537,-0.4791099631598571,-0.5470373837903217,-0.6488005659568796,-0.6572312444163427,-0.7176669166792932,-0.7254535840154416,-0.7412614824936692,-0.901858535012933,-0.9647895325300293,-0.9683144994773388,-10.180359257909306,-308.06797866155887
CN(C)c1ccccc1-c1ccccc1P(c1ccccc1)c1ccccc1,455.98711566609825,174.98199852813642,111.39568038090312,91.61025266755888,81.52637658644223,63.09061027343827,40.949864554286435,36.85486762498673,35.113321695465196,34.8341031608039,32.0211594559896,31.528129874787727,30.36017451336892,25.48831239594362,23.649257217177198,13.585831100429782,10.852830040344422,9.88199675948935,9.696766275403954,9.495810142980075,9.367250522317658,9.235788119975082,7.512515503213901,6.957622262375617,3.237800241572539,3.2130420175652126,3.1674629271460275,1.5144648639350287,0.0,0.0,0.0,0.0,0.0,0.0,0.0,0.0,0.0,0.0,0.0,0.0,0.0,0.0,0.0,0.0,0.0,0.0,0.0,0.0,0.0,0.0,0.0,0.0,0.0,0.0,0.0,0.0,-0.013479024392721244,-0.028913343672350645,-0.06201015805969677,-0.08844636903999278,-0.11232676282621913,-0.13124420313137963,-0.1504095107035317,-0.15978140209159694,-0.24611606341390116,-0.26694166634566496,-0.33846639484861424,-0.37479471966816014,-0.45610508143536993,-0.4701915235815357,-0.5384137958787931,-0.5637980775399842,-0.5981026949387251,-0.6008091900792161,-0.7727851583630418,-0.8788806759988139,-0.981398888875639,-1.0593435632133794,-1.0754072110814796,-1.1278916634881324
COc1cccc(OC)c1-c1ccccc1P(c1ccccc1)c1ccccc1,470.08059119576717,184.50112397317005,109.28864183626557,100.04439566037703,83.96825617560853,79.31442021014794,52.99003453238263,39.83313281541412,37.460157313177376,34.53853279483172,34.03850386714179,32.11361944504966,32.006435336393146,26.575321565881012,25.434726645792075,18.68052962386067,16.710525919344757,10.347134308739763,9.944534060651364,9.565161851160124,9.500477838671273,9.305317203731724,9.260582590629818,7.0035731303294515,6.600098810565626,3.239770645160074,3.1243698940251474,3.1042310926065695,1.212790969463789,0.0,0.0,0.0,0.0,0.0,0.0,0.0,0.0,0.0,0.0,0.0,0.0,0.0,0.0,0.0,0.0,0.0,0.0,0.0,0.0,0.0,0.0,0.0,0.0,0.0,0.0,0.0,0.0,-0.03565659367849443,-0.043604177383539104,-0.049754530721785435,-0.055662975537442164,-0.05765412074038404,-0.14042978789358976,-0.1540349220266955,-0.20847294350077053,-0.2335459590079756,-0.28809198349125353,-0.36183314350090057,-0.44788482183535916,-0.4528980197700661,-0.48591506182071004,-0.5562755763845955,-0.5974982277151486,-0.6126169263107388,-0.7996691353522235,-0.8276788619969278,-0.9652963084785421,-1.0671794680789082,-1.072883740585594,-1.083423751270009
CC(C)c1cc(C(C)C)c(-c2ccccc2P(c2ccccc2)c2ccccc2)c(C(C)C)c1,476.7316647977909,197.7366277318462,108.833689804138,97.34268156740946,81.89203494089443,69.72776947581839,62.43476457744526,44.86464226771845,37.28103052528646,35.91546140203073,34.715061955263906,33.801193836579735,32.48857493030521,31.0523882274451,27.456654888598898,24.40796450436361,24.055027092226585,23.304298664907936,23.07387355180652,13.354408600755898,12.305148069235123,11.233970375889971,9.940884384074524,9.609924319406028,9.444555321947643,9.397203255187286,9.18468310234114,8.490239547338966,6.001458934060227,5.536173604602381,3.2143173258445095,3.101628987210759,2.990490093143479,1.369588043895237,0.06108083568873287,0.019258339885221642,0.0,0.0,0.0,0.0,0.0,0.0,0.0,0.0,0.0,-0.003537570036607721,-0.011313133455518133,-0.03158659784956124,-0.04139086567877181,-0.07269615581097522,-0.08362531085974963,-0.10301266581156936,-0.10809005663888478,-0.11404278430147041,-0.11585023571468564,-0.13384089268258273,-0.1598409381767242,-0.16562966520380915,-0.22983925311425263,-0.28786778165578986,-0.31613625089098113,-0.324293763167533,-0.3321109575420283,-0.3621159938482569,-0.4447544150505506,-0.4664610300569099,-0.48324361587959314,-0.5555280623652022,-0.5947201674842179,-0.6125602269242025,-0.6796356288675168,-0.7612408683751235,-0.7662592993470486,-0.7754917363516379,-0.9193822609405737,-0.9285996314453856,-0.9948601067548772,-1.0705470245227695,-1.0773544218869615,-1.0805812880715895
C[PH+](C)C.F[B-](F)(F)F,546.2749266051615,110.59268032177484,90.58814199778743,81.11173668935982,54.5041055548242,13.879311129803767,2.547344439311217,1.0313948021517625,0.09279030316282527,0.0,0.0,0.0,0.0,0.0,0.0,0.0,0.0,0.0,0.0,0.0,0.0,0.0,0.0,0.0,0.0,0.0,0.0,0.0,0.0,0.0,0.0,0.0,0.0,0.0,0.0,0.0,0.0,0.0,0.0,0.0,0.0,0.0,0.0,0.0,0.0,0.0,0.0,0.0,0.0,0.0,0.0,0.0,0.0,0.0,0.0,0.0,0.0,0.0,0.0,0.0,0.0,0.0,0.0,0.0,0.0,0.0,0.0,0.0,0.0,0.0,-0.023938557558143326,-0.08121739545551412,-0.12331008840395395,-0.13039302709083309,-0.4258252593856382,-0.5822472314810224,-0.7611788844711874,-3.0811645330044652,-6.072996419619881,-27.49286595460571
COc1ccccc1P(c1ccccc1OC)c1ccccc1OC,464.15767233102315,167.48600495002543,118.60580159446872,102.71293627560875,69.85234221041226,63.92262299769026,60.23785435033268,36.525457694897455,33.02452223753923,31.672030103823083,29.21193566546508,28.398273073877508,28.241970628069296,18.34935188954917,17.743748472592472,17.398985635438027,9.498515343263644,9.359067189752226,9.23332776950196,7.928193214474325,7.791445182719518,7.554803213380933,2.5459793777540494,2.5211369323363906,2.4624394418750195,0.0,0.0,0.0,0.0,0.0,0.0,0.0,0.0,0.0,0.0,0.0,0.0,0.0,0.0,0.0,0.0,0.0,0.0,0.0,0.0,0.0,0.0,0.0,0.0,0.0,0.0,0.0,0.0,0.0,0.0,0.0,0.0,0.0,0.0,-0.017734610377171917,-0.03576783418774469,-0.04830259566879628,-0.051342221524460725,-0.058739625370177434,-0.08425248960288866,-0.10729573330975485,-0.15965367491538732,-0.1760336240417952,-0.33334221902524414,-0.35387484662078755,-0.3796174982583214,-0.5406572354594686,-0.5478064949440038,-0.5658556419303564,-0.8028179649735805,-0.8151463262636822,-0.8339846075045186,-1.0318949954540233,-1.0371600914452332,-1.0399384530546854
COc1ccc(P(c2ccc(OC)cc2)c2ccc(OC)cc2)cc1,438.31278936844706,175.3414141489741,124.9988039630013,123.41550614202484,66.43327041912535,58.051216498195785,57.964289900210844,37.24941113838736,35.8121610771104,33.66268979704483,28.589364848798986,27.0590666853571,26.78508490827502,18.15519136359783,17.726501185698677,17.53121344265367,9.934502086807644,9.712224639976439,9.363933908578828,7.672388189852477,7.513318742953203,7.396427245507871,2.6763909538851123,2.646020231168385,2.5899080381432227,0.0,0.0,0.0,0.0,0.0,0.0,0.0,0.0,0.0,0.0,0.0,0.0,0.0,0.0,0.0,0.0,0.0,0.0,0.0,0.0,0.0,0.0,0.0,0.0,0.0,0.0,0.0,0.0,0.0,0.0,0.0,0.0,0.0,0.0,-0.04523862202897798,-0.04752453324279738,-0.04921493092647447,-0.05313951493512268,-0.053925370093553984,-0.05560285058878286,-0.22279903000694137,-0.24410396970813364,-0.2624594732997527,-0.28443107873251217,-0.3090678508471241,-0.3453611294188545,-0.5920391781665527,-0.6004257324400776,-0.6125976652024892,-0.7947000574629343,-0.8030165192393609,-0.8050228901566574,-0.9931269757578948,-0.997906040056475,-1.0061865195256345
Fc1ccc(P(c2ccc(F)cc2)c2ccc(F)cc2)cc1,435.86705719647244,176.16738845202758,129.2401870848993,128.82594451440292,68.69973879919502,59.41392068514007,58.96983867691152,37.39567797139791,34.16612004063195,33.9805850314962,26.790018471609635,25.31552422537336,25.152673988840867,10.115171746385734,9.59711341330836,9.57814177866614,8.049236995585057,7.76103441145311,7.715068938977139,2.733984858244316,2.677130893559433,2.6527876191981528,0.0,0.0,0.0,0.0,0.0,0.0,0.0,0.0,0.0,0.0,0.0,0.0,0.0,0.0,0.0,0.0,0.0,0.0,0.0,0.0,0.0,0.0,0.0,0.0,0.0,0.0,0.0,0.0,0.0,0.0,0.0,0.0,0.0,0.0,0.0,0.0,0.0,0.0,0.0,0.0,0.0,0.0,0.0,0.0,0.0,0.0,-0.21668767456594462,-0.24737732462613785,-0.262835991944553,-0.2775559856206284,-0.3333543018756754,-0.34756705967284923,-0.5971287687619116,-0.6016453072558217,-0.6113870757499184,-0.9890850905090005,-0.9917501049473139,-0.9978726124137595
c1ccc(P(c2ccccc2)C2CCCCC2)cc1,417.6814013699808,138.38925266203896,91.45563154880095,86.98044181281496,36.37865949910033,36.29167917466204,34.783093470603845,34.23982028383701,31.350491415436494,30.685167203776153,13.111781459204629,12.179651452716818,9.824886646452132,9.707512752368961,9.3954752769235,9.272842621937436,6.772879061339869,3.1922874545393514,3.1619365376397073,0.11700903576483981,0.0,0.0,0.0,0.0,0.0,0.0,0.0,0.0,0.0,0.0,0.0,0.0,0.0,0.0,0.0,0.0,0.0,0.0,0.0,0.0,0.0,0.0,0.0,0.0,0.0,0.0,0.0,0.0,0.0,0.0,0.0,0.0,0.0,0.0,0.0,0.0,0.0,0.0,0.0,0.0,-0.03852188552212707,-0.07551734760696618,-0.08610424494577534,-0.08837473117857182,-0.13306594130838995,-0.16102797220634021,-0.19844674090320671,-0.24994550136538177,-0.2733307346854715,-0.34852291906406285,-0.436432658372949,-0.4614397844963556,-0.47236290607161513,-0.5989430783497167,-0.6003121114106796,-0.6433100042603287,-0.7161914468482325,-0.9603093960355188,-1.0655947458426462,-1.0733473552351613
c1ccc(P(c2ccccc2)c2ccccc2)cc1,417.4917354080791,140.9824047427074,90.90022009089229,89.6764303335543,37.245740711466205,35.89741736131935,35.218623721994625,33.89594866252713,31.703696123861956,31.063479134959326,10.025479703798636,9.794939321809593,9.539927658732994,9.482371041948355,9.218601853457772,9.164608636591971,3.242105792154545,3.1301368686973112,3.0873804996639294,0.0,0.0,0.0,0.0,0.0,0.0,0.0,0.0,0.0,0.0,0.0,0.0,0.0,0.0,0.0,0.0,0.0,0.0,0.0,0.0,0.0,0.0,0.0,0.0,0.0,0.0,0.0,0.0,0.0,0.0,0.0,0.0,0.0,0.0,0.0,0.0,0.0,0.0,0.0,0.0,0.0,0.0,0.0,0.0,0.0,0.0,-0.05169012194696943,-0.1281573368521941,-0.1325937807509797,-0.22415960410766883,-0.25659471376442755,-0.27875626527596936,-0.4391698647444281,-0.46103973942088217,-0.47864505762688025,-0.5905903720444543,-0.6016716460723048,-0.6067430504604996,-1.0593572778749274,-1.0658840271566115,-1.0953955758877387
CC(C)(C)P(c1ccccc1)C(C)(C)C,407.52897164414753,121.01291541900729,74.47344659845018,61.60976548310149,35.63775369228154,33.32940710469388,25.056944566638705,24.56228680692072,22.628187109017418,22.061749406387317,9.792749536681573,9.440339301267178,9.040717930682275,8.56330893069288,3.2090209788027577,0.07488158660662185,0.02431010555943099,0.020980191517551032,0.0,0.0,0.0,0.0,0.0,0.0,0.0,0.0,0.0,0.0,0.0,0.0,0.0,0.0,0.0,0.0,0.0,0.0,0.0,0.0,0.0,0.0,0.0,0.0,0.0,0.0,0.0,0.0,0.0,0.0,0.0,0.0,0.0,0.0,0.0,0.0,0.0,0.0,0.0,0.0,0.0,0.0,-0.01648414488186968,-0.022306428167682493,-0.05110445767603587,-0.0968753665347035,-0.10750946991668127,-0.12679889840097108,-0.14530744283469274,-0.15441649566323806,-0.163739316577763,-0.16858533841737036,-0.2742445861324069,-0.4679118998556378,-0.6014304390703585,-0.7382416944090161,-0.7435287087248863,-0.7513101666320015,-0.7750843085968332,-0.8449146151476549,-0.8952601767881521,-1.0643040015021699
Cc1cc(C)cc(P(c2cc(C)cc(C)c2)c2cc(C)cc(C)c2)c1,436.08572901479107,162.51002827039116,104.07711870879945,101.15666211326868,50.72285703772968,48.89591369847002,45.16709928314127,40.41171151433585,35.26956506810256,34.885486505354656,22.639365392396293,21.66671503036516,21.536887546042777,20.757330016945325,20.56312449955078,19.67513122862091,8.720964796439796,8.558103735963154,8.401158012291376,7.487845156024793,7.333325906103055,7.0117201883950875,2.771100360399744,2.609675641383038,2.5037877150589365,0.0,0.0,0.0,0.0,0.0,0.0,0.0,0.0,0.0,0.0,0.0,0.0,0.0,0.0,0.0,0.0,0.0,0.0,0.0,0.0,0.0,0.0,0.0,0.0,0.0,0.0,0.0,0.0,-0.029747955487433274,-0.03959633289577772,-0.04332382195610183,-0.05130800825012282,-0.05305236799460561,-0.056569292491988936,-0.06059709235892808,-0.06497556428170283,-0.06711494362215312,-0.07533993623621957,-0.07895094559045965,-0.08507504737101053,-0.4229994486011045,-0.43553503790749604,-0.4478678738949335,-0.45205194754486744,-0.4587588476354065,-0.48731321796304405,-0.6408906551938309,-0.6525892492644385,-0.6657923966067852,-0.8306207453758401,-0.8317883194104257,-0.842497343003096,-1.0215029245610816,-1.0361795751085427,-1.0469371189714842
COc1cc(C(C)(C)C)cc(C(C)(C)C)c1-c1ccccc1P(C1CCCCC1)C1CCCCC1,484.1763207409281,200.5540348398078,108.05227828716349,97.97888604988795,95.14633363646546,75.00055569082288,69.74639547906244,46.84139632427813,37.1063026010083,35.996690923018356,35.215998767464214,33.356439874116894,31.132415423804634,30.813266193068745,28.402039315659557,24.394029397706987,24.093962059460356,23.509230179146098,23.300203554667608,22.53920891781219,17.561872048265716,13.111553315083018,12.37177203726896,12.045278362632613,11.916820621290416,11.739046381914457,10.614404263425731,9.450889487943355,8.358764747353769,7.279619109933101,6.743163865624399,5.991976612165653,5.246802041815848,2.957652325936282,1.2754622970795895,0.1583757626491726,0.08088755610144954,0.055260055990434834,0.03367019229169609,0.007866101892040046,-0.004393708337577367,-0.017967809863232143,-0.02480769677130247,-0.029678663871452286,-0.0504893399796493,-0.05628512261774771,-0.06385842877389022,-0.0915141929132419,-0.09425815369938789,-0.1382085237162957,-0.14038186549486162,-0.14651690275940193,-0.14927400487615605,-0.16021270472507268,-0.16763041586101352,-0.17147141263018925,-0.20937269157011842,-0.27495736469492194,-0.33627383370310243,-0.3740170252675335,-0.38828078649750386,-0.43457795534969995,-0.46470487850530595,-0.47941013475135114,-0.5530421993640596,-0.6258280872594765,-0.6527684136214695,-0.6714705396073823,-0.7304792226752964,-0.7412662808743978,-0.761285878644289,-0.7668570657762231,-0.7717549093126271,-0.7786752486449009,-0.8435575280405593,-0.9122657772973173,-0.9561570960631479,-0.9659685868472527,-0.9688340015618719,-1.051455094089505
